"name","description","date_iso","type"
New Year's Day,"New Year's Day is the first day of the Gregorian calendar, which is widely used in many countries such as the USA.","2019-01-01",National holiday
World Braille Day,"World Braille Day celebrates the life and achievements of Louis Braille, who invented the braille code for the visually impaired.","2019-01-04",United Nations observance
Epiphany,"Many people in the United States annually observe Epiphany, or Three Kings’ Day, on January 6. It is a Christian observance and a public holiday in the US Virgin Islands.","2019-01-06",Christian
Orthodox Christmas Day,Many Orthodox Christian churches in countries such as the United States observe Christmas Day on or near January 7 in the Gregorian calendar.,"2019-01-07",Orthodox
International Programmers' Day,"Many people celebrate International Programmers’ Day on January 7, while others observe this event on the 256th day of the year, usually on September 13 or on September 12 in leap years.","2019-01-07",Worldwide observance
Estelle Reel Day,Estelle Reel Day is a state observance in the USA,"2019-01-07",Local observance
Battle of New Orleans,Battle of New Orleans is a state legal holiday in the USA,"2019-01-08",Local observance
Stephen Foster Memorial Day,"Stephen Foster Memorial Day is annually observed in the United States on January 13. The day remembers the achievements of Stephen Foster, who is known as the “father of American music”.","2019-01-13",Observance
Orthodox New Year,Many Orthodox Christian churches in countries such as the United States celebrate New Year’s Day on January 14 in the Gregorian calendar.,"2019-01-14",Orthodox
Lee-Jackson Day,"Lee-Jackson Day is an annual state holiday in Virginia, the United States, on the Friday before Martin Luther King Day in January.","2019-01-18",Local holiday
Robert E. Lee's Birthday,Robert E. Lee’s birthday is an annual official state holiday that is shared with Martin Luther King’s birthday in some parts of the US.,"2019-01-19",Local observance
State Holiday,State Holiday is a state observance in the USA,"2019-01-19",Local observance
Confederate Heroes' Day,On Confederate Memorial Day remembers the soldiers who died fighting for the Confederate States of America during the American Civil War (1861-1865). It is a state holiday in some parts of the United States.,"2019-01-19",Local holiday
World Religion Day,World Religion Day fosters interfaith dialogue and understanding of all religions.,"2019-01-20",Worldwide observance
Tu Bishvat/Tu B'Shevat,"Tu B’Shevat, known as the “New Year for Trees”, is a Jewish festival similar to Arbor Day.","2019-01-21",Hebrew
Martin Luther King Jr. Day,Martin Luther King Day marks the anniversary of the date of birth of the influential American civil right leader of the same name.,"2019-01-21",National holiday
Robert E. Lee's Birthday,Robert E. Lee’s birthday is an annual official state holiday that is shared with Martin Luther King’s birthday in some parts of the US.,"2019-01-21",Local holiday
Robert E. Lee's Birthday,Robert E. Lee’s birthday is an annual official state holiday that is shared with Martin Luther King’s birthday in some parts of the US.,"2019-01-21",Local holiday
Idaho Human Rights Day,"Idaho Human Rights Day is a state holiday in Idaho, the United States, on the third Monday of January.","2019-01-21",Local holiday
Civil Rights Day,Civil Rights Day is on the third Monday of January in Arizona and New Hampshire. It honors civil rights activists such as Martin Luther King Jr.,"2019-01-21",Local holiday
Civil Rights Day,Civil Rights Day is on the third Monday of January in Arizona and New Hampshire. It honors civil rights activists such as Martin Luther King Jr.,"2019-01-21",Local holiday
International Day of Education,International Day of Education is a United Nations observance in the USA,"2019-01-24",United Nations observance
International Customs Day,International Customs Day celebrates custom personnel and agencies worldwide.,"2019-01-26",Worldwide observance
International Day of Commemoration in Memory of the Victims of the Holocaust,The United Nations' (UN) International Day of Commemoration in Memory of the Victims of the Holocaust remembers those who died and suffered during the Holocaust before and during World War II. It is on January 27 each year.,"2019-01-27",United Nations observance
World Leprosy Day,"World Leprosy Day brings awareness of leprosy, also known as Hansen's disease, and ways to prevent the disease.","2019-01-27",Worldwide observance
Kansas Day,Kansas Day is an annual observance that commemorates the state's admission to the Union in 1861.,"2019-01-29",Local observance
National Freedom Day,National Freedom Day in the United States is observed on February 1 each year.,"2019-02-01",Observance
National Wear Red Day,National Wear Red Day® raises public awareness of heart disease in women and ways to avoid and combat this problem.,"2019-02-01",Observance
First Day of Black History Month,First Day of Black History Month is a annual monthly observance in the USA,"2019-02-01",Observance
World Wetlands Day,World Wetlands Day raises awareness about the important role that the wetlands play in the environment and in our lives.,"2019-02-02",Worldwide observance
Groundhog Day,Many people in the United States observe Groundhog Day on February 2.,"2019-02-02",Observance
Super Bowl,The Super Bowl is the championship game of the National Football League (NFL) in the United States. It is played every year in February.,"2019-02-03",Sporting event
World Cancer Day,World Cancer Day is an annual global event on February 4 to raise people’s awareness of cancer.,"2019-02-04",Worldwide observance
Rosa Parks Day,The life of American civil rights leader Rosa Parks is celebrated in the United States on either February 4 or December 1.,"2019-02-04",Local observance
Rosa Parks Day,The life of American civil rights leader Rosa Parks is celebrated in the United States on either February 4 or December 1.,"2019-02-04",Local observance
Rosa Parks Day,The life of American civil rights leader Rosa Parks is celebrated in the United States on either February 4 or December 1.,"2019-02-04",Local observance
Lunar New Year,Lunar New Year marks the first day of the New Year in the Chinese calendar.,"2019-02-05",Observance
International Day of Zero Tolerance for Female Genital Mutilation,The International Day of Zero Tolerance for Female Genital Mutilation is an awareness campaign to end a harmful practice that violates girls’ and women’s rights.,"2019-02-06",United Nations observance
Ronald Reagan Day,Ronald Reagan Day is a state observance in the USA,"2019-02-06",Local observance
National Girls and Women in Sports Day,National Girls and Women in Sports Day is a observance in the USA,"2019-02-06",Observance
World Pulses Day,World Pulses Day is a United Nations observance in the USA,"2019-02-10",United Nations observance
International Day of Women and Girls in Science,The International Day of Women and Girls in Science is a UN holiday to recognize the critical role women and girls play in science and technology communities.,"2019-02-11",United Nations observance
World Day of the Sick,World Day of the Sick is a global event when people remember or pray for the sick.,"2019-02-11",Worldwide observance
Lincoln's Birthday,"Lincoln’s Birthday is observed in the United States in honor of Abraham Lincoln, who was the nation’s 16th president and was known as the Great Emancipator.","2019-02-12",Local holiday
Lincoln's Birthday,"Lincoln’s Birthday is observed in the United States in honor of Abraham Lincoln, who was the nation’s 16th president and was known as the Great Emancipator.","2019-02-12",Local observance
Georgia Day,Georgia Day is a state observance in the USA,"2019-02-12",Local observance
World Radio Day,World Radio Day is an annual United Nations (UN) event that promotes the importance of the radio in communicating information worldwide.,"2019-02-13",United Nations observance
Valentine's Day,Valentine's Day is an occasion to celebrate romantic love.,"2019-02-14",Observance
Statehood Day,Statehood Day is a local observance in the USA,"2019-02-14",Local observance
Susan B. Anthony's Birthday,Susan B Anthony Day is an national American observance that is legally recognized in some states.,"2019-02-15",Local observance
Susan B. Anthony Day,Susan B Anthony Day is an national American observance that is legally recognized in some states.,"2019-02-15",Local observance
Elizabeth Peratrovich Day,Elizabeth Peratrovich was one of the main driving forces behind the territory's Anti-Discrimination Act of 1945.,"2019-02-16",Local observance
Presidents' Day,"Washington's Birthday, or Presidents' Day, honors the life and work of the first president of the United States, George Washington.","2019-02-18",National holiday
Presidents' Day,Presidents' Day is a state holiday in the USA,"2019-02-18",Local holiday
Presidents' Day,Presidents' Day is a state legal holiday in the USA,"2019-02-18",Local holiday
Daisy Gatson Bates Day,"Daisy Gatson Bates Day is a state holiday in Arkansas, the United States, on the third Monday of February. It coincides with Washington’s Birthday.","2019-02-18",Local holiday
World Day of Social Justice,"The United Nations' (UN) World Day of Social Justice promotes poverty eradication, full employment and social integration. It is on February 20 each year.","2019-02-20",United Nations observance
International Mother Language Day,The United Nations' (UN) International Mother Language Day is annually held on February 21 to celebrate languages spoken worldwide. It also observes the human right to use these languages.,"2019-02-21",United Nations observance
African-American Scientist and Inventor Day,African-American Scientist and Inventor Day is a state observance in the USA,"2019-02-25",Local observance
George Rogers Clark Day,George Rogers Clark Day is a state observance in the USA,"2019-02-25",Local observance
Linus Pauling Day,"Linus Pauling Day is a state holiday on February 28 in Oregon, USA.","2019-02-28",Local observance
Zero Discrimination Day,"Discrimination Day highlights the negative impacts of discrimination and promotes tolerance, compassion and peace.","2019-03-01",United Nations observance
Self-Injury Awareness Day,"","2019-03-01",Worldwide observance
St. David's Day,"Many Welsh communities in the United States celebrate the life of their patron saint, St David, and their links with Wales on St David’s Day.","2019-03-01","Observance, Christian"
Read Across America Day,Read Across America Day is observed in the United States on March 2 each year.,"2019-03-01",Observance
Employee Appreciation Day,"Employee Appreciation Day is a US unofficial observance that recognizes and appreciates employees in all industries, aimed at helping employers keep their staff.","2019-03-01",Observance
First Day of Women's History Month,First Day of Women's History Month is a annual monthly observance in the USA,"2019-03-01",Observance
First Day of Irish American Heritage Month,First Day of Irish American Heritage Month is a annual monthly observance in the USA,"2019-03-01",Observance
Texas Independence Day,"Texas Independence Day is a legal holiday in Texas, in the United States.","2019-03-02",Local holiday
World Wildlife Day,"World Wildlife Day celebrates all flora and fauna, including animals, on Earth.","2019-03-03",United Nations observance
Maha Shivaratri,"Maha Shivratri is an annual festival dedicated to Shiva, the Hindu God of destruction. For devotees, is a day of reflection and meditation.","2019-03-04",Hinduism
Casimir Pulaski Day,"Casimir Pulaski Day is a day off for some schools and offices in Illinois, USA, on the first Monday of March each year.","2019-03-04",Local observance
Casimir Pulaski Day,"Casimir Pulaski Day is a day off for some schools and offices in Illinois, USA, on the first Monday of March each year.","2019-03-04",Local observance
Casimir Pulaski Day,"Casimir Pulaski Day is a day off for some schools and offices in Illinois, USA, on the first Monday of March each year.","2019-03-04",Local observance
Shrove Tuesday/Mardi Gras,"Shrove Tuesday is traditionally known as the day prior to Lent but it also serves as a day of celebration, known as Mardi Gras.","2019-03-05",Local holiday
Shrove Tuesday/Mardi Gras,"Shrove Tuesday is traditionally known as the day prior to Lent but it also serves as a day of celebration, known as Mardi Gras.","2019-03-05",Local holiday
Shrove Tuesday/Mardi Gras,"Shrove Tuesday is traditionally known as the day prior to Lent but it also serves as a day of celebration, known as Mardi Gras.","2019-03-05",Local holiday
Shrove Tuesday/Mardi Gras,"Shrove Tuesday is traditionally known as the day prior to Lent but it also serves as a day of celebration, known as Mardi Gras.","2019-03-05","Observance, Christian"
Shrove Tuesday/Mardi Gras,"Shrove Tuesday is traditionally known as the day prior to Lent but it also serves as a day of celebration, known as Mardi Gras.","2019-03-05",Local holiday
Town Meeting Day,"The state of Vermont, in the USA, holds its Town Meeting Day on the first Tuesday of March each year.","2019-03-05",Local holiday
Ash Wednesday,"Ash Wednesday is a Christian observance that marks the first day of Lent, which is prior to Easter.","2019-03-06",Christian
International Women's Day,International Women’s Day celebrates women’s achievements worldwide and throughout history.,"2019-03-08",United Nations observance
Daylight Saving Time starts,Daylight Saving Time starts in the USA,"2019-03-10T02:00:00-05:00",Clock change/Daylight Saving Time
World Kidney Day,World Kidney Day is an annual observation that attempts to raise global awareness about the importance of kidney health and tries to bring attention to the unique challenges faced by those who suffer from Chronic Kidney Disease.,"2019-03-14",Worldwide observance
St. Patrick's Day,"St Patrick's Day marks the life and deeds of St Patrick, one of Ireland's patron saints. It is an Irish-American celebration in the USA.","2019-03-17","Observance, Christian"
Evacuation Day,"Evacuation Day in Suffolk County, Massachusetts, commemorates the first major American military victory in the Revolutionary War, which saw the British troops evacuate Boston.","2019-03-17",Local holiday
Evacuation Day observed,"Evacuation Day in Suffolk County, Massachusetts, commemorates the first major American military victory in the Revolutionary War, which saw the British troops evacuate Boston.","2019-03-18",Local holiday
French Language Day,French Language Day is a United Nations observance in the USA,"2019-03-20",United Nations observance
International Day of Happiness,International Day of Happiness aims to promote the idea that the pursuit of happiness is universal.,"2019-03-20",United Nations observance
March Equinox,March Equinox in the USA (New York),"2019-03-20T17:58:32-04:00",Season
Holi,"Holi is a spring festival of colors celebrated by Hindus, Sikhs and others. It celebrates the triumph of good over evil and the upcoming season of spring. The festival can last up to sixteen days.","2019-03-21",Hinduism
Purim,"Purim commemorates a time when Jewish people were saved from death around the fourth century BCE, according to the Book of Esther.","2019-03-21",Hebrew
International Day for the Elimination of Racial Discrimination,The United Nations’ (UN) International Day for the Elimination of Racial Discrimination is annually observed on March 21.,"2019-03-21",United Nations observance
World Poetry Day,World Poetry Day celebrates poetry around the world on March 21 each year.,"2019-03-21",United Nations observance
International Day of Nowruz,"The UN’s International Day of Nowruz, also known as Nowruz, No-Ruz, No-Rooz or No Ruz, is observed on March 21 each year.","2019-03-21",United Nations observance
World Down Syndrome Day,World Down Syndrome Day is held on March 21 every year.,"2019-03-21",United Nations observance
International Day of Forests,"International Day of Forests raises awareness on forests and trees, including their role in climate change.","2019-03-21",United Nations observance
World Water Day,World Water Day aims to increase people's awareness of the water's importance in all aspects of life.,"2019-03-22",United Nations observance
World Meteorological Day,"World Meteorological Day marks the anniversary of the World Meteorological Organization's establishment on March 23, 1950.","2019-03-23",United Nations observance
World Tuberculosis Day,World Tuberculosis Day is annually held on March 24 to raise awareness of tuberculosis and ways to eradicate the disease.,"2019-03-24",United Nations observance
International Day for the Right to the Truth concerning Gross Human Rights Violations and for the Dignity of Victims,March 24 is the UN’s International Day for the Right to the Truth concerning Gross Human Rights Violations and for the Dignity of Victims,"2019-03-24",United Nations observance
International Day of Remembrance of Slavery Victims and the Transatlantic Slave Trade,"The International Day of Remembrance of the Victims of Slavery and the Transatlantic Slave Trade remembers the lives of Africans who were forced into slavery in North, Central and South America.","2019-03-25",United Nations observance
International Day of Solidarity with Detained and Missing Staff Members,The UN’s International Day of Solidarity with Detained and Missing Staff Members is annually held on March 25.,"2019-03-25",United Nations observance
Maryland Day,"Maryland Day commemorates the arrival of Lord Baltimore and the first colonists in Maryland, the United States, in the 17th century.","2019-03-25",Local observance
Seward's Day,"Seward’s Day is a state holiday in Alaska, in the United States, on the last Monday of March.","2019-03-25",Local holiday
Prince Jonah Kuhio Kalanianaole Day,Prince Jonah Kuhio Kalanianaole Day is annually held in Hawaii on March 26 to honor Prince Jonah Kuhio Kalanianaole.,"2019-03-26",Local holiday
National Vietnam War Veterans Day,National Vietnam War Veterans Day is an US observance to honor US military members who served during the Vietnam War.,"2019-03-29",Observance
Earth Hour,Earth Hour is an annual event in which many people worldwide turn their lights off on the last Saturday in March.,"2019-03-30",Worldwide observance
Wyoming Veterans Welcome Home Day,Wyoming Veterans Welcome Home Day is a state observance in the USA,"2019-03-30",Local observance
Doctors' Day,Doctors' Day is a observance in the USA,"2019-03-30",Observance
Vietnam Veterans Day,Vietnam Veterans Day is a state observance in the USA,"2019-03-30",Local observance
Vietnam Veteran Recognition Day,Vietnam Veteran Recognition Day is a state observance in the USA,"2019-03-30",Local observance
International Transgender Day of Visibility,International Transgender Day of Visibility is a worldwide observance in the USA,"2019-03-31",Worldwide observance
César Chávez Day,César Chávez Day celebrates the birthday of César Estrada Chávez.,"2019-03-31",Local holiday
César Chávez Day,César Chávez Day celebrates the birthday of César Estrada Chávez.,"2019-03-31",Local holiday
César Chávez Day,César Chávez Day celebrates the birthday of César Estrada Chávez.,"2019-03-31",Local holiday
César Chávez Day,César Chávez Day celebrates the birthday of César Estrada Chávez.,"2019-03-31",Local holiday
April Fool's Day,"April Fool's Day, on April 1, is a day to play practical jokes and tricks.","2019-04-01",Worldwide observance
César Chávez Day (substitute),César Chávez Day celebrates the birthday of César Estrada Chávez.,"2019-04-01",Local holiday
World Autism Awareness Day,"World Autism Awareness Day raises an awareness of issues surrounding people, particularly children, with autism worldwide.","2019-04-02",United Nations observance
Pascua Florida Day,"Pascua Florida Day, which usually falls on April 2, is a state day in Florida, USA.","2019-04-02",Local observance
Isra and Mi'raj,"Isra and Mi'raj (Isra Me'raj, Israa and Mi'raaj, Laylat Al-Isra wa Al-Miraj, Lailat al Miraj, Night Journey and Ascension to Heaven) marks the night when the Prophet Mohammad traveled from Mecca to Jerusalem, ascended to heaven and returned.","2019-04-03",Muslim
United Nations' Mine Awareness Day,The United Nations' International Day for Mine Awareness and Assistance in Mine Action is annually observed on April 4.,"2019-04-04",United Nations observance
International Day of Sport for Development and Peace,The International Day of Sport for Development and Peace aims to bring goodwill and positive social outcomes through sporting achievements.,"2019-04-06",United Nations observance
National Tartan Day,National Tartan Day is annually observed on April 6 to honor the major role that Scottish Americans played in the founding of the United States of America.,"2019-04-06",Observance
United Nations' World Health Day,"The World Health Organization, the United Nations' the directing and coordinating authority for health, annually highlights one of its priorities for global health on World Health Day.","2019-04-07",United Nations observance
Day of Remembrance of the Victims of the Rwanda Genocide,The UN’s Day of Remembrance of the Victims of the Rwanda Genocide is observed on April 7 each year.,"2019-04-07",United Nations observance
National Library Workers' Day,"National Library Workers’ Day recognizes the efforts and achievements that librarians make to give Americans access to information via books, computers and other media.","2019-04-09",Observance
International Day of Human Space Flight,The UN’s International Day of Human Space Flight is annually held on April 12.,"2019-04-12",United Nations observance
Thomas Jefferson's Birthday,Americans celebrate president Thomas Jefferson's Birthday on April 13.,"2019-04-13",Observance
Palm Sunday,Palm Sunday in the United States celebrates Jesus Christ’s entry into Jerusalem. It is also the Sunday before Easter Sunday.,"2019-04-14",Christian
World Art Day,World Art Day is a worldwide observance in the USA,"2019-04-15",Worldwide observance
Tax Day,Tax Day is the deadline for United States residents to file details of their income to the Internal Revenue Service (IRS) so that their liability for income tax can be assessed.,"2019-04-15",Observance
Father Damien Day,Father Damien Day or Saint Damien Day is an occasion for residents of the state of Hawaii to remember the life and deeds of a Belgian missionary.,"2019-04-15",Local observance
Patriots' Day,"Patriots' Day commemorates the battles of Lexington and Concord in 1775, which were two of the earliest battles in the American Revolutionary War.","2019-04-15",Local holiday
Boston Marathon,Boston Marathon is one of the world's oldest yearly marathon. It is held annually on Patriot's Day in the month of April.,"2019-04-15",Sporting event
Emancipation Day,People celebrate the end of slavery and citizens' rights on Emancipation Day in the United States.,"2019-04-16",Local holiday
Maundy Thursday,"Maundy Thursday, which is also known as Holy Thursday, is the day before Good Friday.","2019-04-18",Christian
International Day for Monuments and Sites,The International Day for Monuments and Sites raises awareness on preserving and conserving historical and archeological heritage sites.,"2019-04-18",Worldwide observance
Passover Eve,Passover Eve is a Jewish holiday in the USA,"2019-04-19",Hebrew
Good Friday,Good Friday commemorates Jesus Christ's crucifixion.,"2019-04-19","Local holiday, Christian"
Arbor Day,Arbor Day is a state observance in the USA,"2019-04-19",Local observance
Holy Saturday,Holy Saturday is the day before Easter Sunday in the United States.,"2019-04-20",Christian
Passover (first day),Passover marks the Israelites' liberation from slavery and their exodus from Egypt around 3000 years ago.,"2019-04-20",Hebrew
Chinese Language Day,Chinese Language Day is a United Nations observance that celebrates one of the organization’s 6 official languages – Chinese.,"2019-04-20",United Nations observance
World Creativity and Innovation Day,World Creativity and Innovation Day is a United Nations observance in the USA,"2019-04-21",United Nations observance
Easter Sunday,"Easter Sunday is an important day in the Christian church calendar because it celebrates Jesus Christ's resurrection, according to Christian belief.","2019-04-21","Observance, Christian"
San Jacinto Day,"San Jacinto Day commemorates the Battle of San Jacinto in what is now Harris County, Texas.","2019-04-21",Local holiday
Earth Day,The United Nations' International Mother Earth Day promotes environmental awareness and calls for the protection of our planet.,"2019-04-22",United Nations observance
Easter Monday,Easter Monday is the day after Easter Sunday. It is not a federal holiday in the United States of America (USA).,"2019-04-22","Observance, Christian"
Oklahoma Day,Oklahoma Day in the United States marks the anniversary of the opening of Oklahoma's lands to European settlers.,"2019-04-22",Local observance
Confederate Memorial Day,On Confederate Memorial Day remembers the soldiers who died fighting for the Confederate States of America during the American Civil War (1861-1865). It is a state holiday in some parts of the United States.,"2019-04-22",Local holiday
State Holiday,State Holiday is a state holiday in the USA,"2019-04-22",Local holiday
World Book and Copyright Day,World Book and Copyright Day is an occasion to celebrate the contribution of books and authors to our global culture and the connection between copyright and books.,"2019-04-23",United Nations observance
World Spanish Language Day,World Spanish Language Day is a United Nations observance in the USA,"2019-04-23",United Nations observance
English Language Day,"English Language Day promotes the history, culture and accomplishments of the English language.","2019-04-23",United Nations observance
International Day of Multilateralism and Diplomacy for Peace,International Day of Multilateralism and Diplomacy for Peace is a United Nations observance in the USA,"2019-04-24",United Nations observance
Administrative Professionals Day,Administrative Professionals Day® is on the Wednesday of the last full week of April. It remembers the important role of administrative professionals.,"2019-04-24",Observance
International Girls in ICT Day,International Girls in ICT Day is a United Nations observance in the USA,"2019-04-25",United Nations observance
World Malaria Day,World Malaria Day is annually observed on April 25 to promote efforts that provide effective control of malaria worldwide.,"2019-04-25",United Nations observance
Take our Daughters and Sons to Work Day,Take our Daughters and Sons to Work Day is a observance in the USA,"2019-04-25",Observance
Orthodox Good Friday,Many Orthodox Christians in the United States remember the events leading up to Jesus Christ's crucifixion on Great Friday.,"2019-04-26",Orthodox
World Intellectual Property Day,World Intellectual Property Day is annually held on April 26 to increase awareness and understanding of intellectual property worldwide.,"2019-04-26",United Nations observance
World Bicycle Day,World Bicycle Day is a United Nations observance in the USA,"2019-06-03",United Nations observance
International Chernobyl Disaster Remembrance Day,International Chernobyl Disaster Remembrance Day is a UN holiday designed to raise awareness of the consequences of the 1986 nuclear accident.,"2019-04-26",United Nations observance
Arbor Day,"Arbor Day encourages people to plant and care for trees. In Nebraska, it falls on the last Friday of April.","2019-04-26",Local holiday
Arbor Day,Arbor Day is a state observance in the USA,"2019-04-26",Local observance
Confederate Memorial Day,On Confederate Memorial Day remembers the soldiers who died fighting for the Confederate States of America during the American Civil War (1861-1865). It is a state holiday in some parts of the United States.,"2019-04-26",Local observance
State Holiday,State Holiday is a state observance in the USA,"2019-04-26",Local observance
Last Day of Passover,"The last day of Passover marks the end of the Passover period, which lasts for seven or eight days.","2019-04-27",Hebrew
Orthodox Holy Saturday,Many Orthodox Christians in the United States remember Jesus Christ’s burial and his descent into Hades on Holy Saturday.,"2019-04-27",Orthodox
Orthodox Easter,"Many Orthodox Christians in the United States mark Easter Sunday, also known as Pascha, as the day Jesus Christ was resurrected, according to the Christian bible.","2019-04-28",Orthodox
World Day for Safety and Health at Work,The World Day for Safety and Health at Work is observed on April 28 each year.,"2019-04-28",United Nations observance
Orthodox Easter Monday,Many Orthodox churches in the United States observe Easter Monday on the day after the Orthodox Easter Sunday date.,"2019-04-29",Orthodox
Arbor Day,Arbor Day is a state observance in the USA,"2019-04-29",Local observance
Confederate Memorial Day,On Confederate Memorial Day remembers the soldiers who died fighting for the Confederate States of America during the American Civil War (1861-1865). It is a state holiday in some parts of the United States.,"2019-04-29",Local holiday
International Jazz Day,"International Jazz Day recognizes the historical, cultural, and educational contribution of jazz.","2019-04-30",United Nations observance
Yom HaShoah,Many people in the United States observe Yom Hashoah by remembering Holocaust victims who died during World War II.,"2019-05-01",Hebrew
Law Day,Law Day in the United States is annually held on May 1.,"2019-05-01",Observance
Loyalty Day,Loyalty Day is a special day for people to reaffirm their loyalty to the United States and to recognize the heritage of American freedom.,"2019-05-01",Observance
Lei Day,"May Day is Lei Day in Hawai'i, celebrating Hawaiian culture or the “Aloha spirit.","2019-05-01",Local observance
First Day of Military Appreciation Month,First Day of Military Appreciation Month is a annual monthly observance in the USA,"2019-05-01",Observance
First Day of Asian Pacific American Heritage Month,First Day of Asian Pacific American Heritage Month is a annual monthly observance in the USA,"2019-05-01",Observance
First Day of Jewish American Heritage Month,First Day of Jewish American Heritage Month is a annual monthly observance in the USA,"2019-05-01",Observance
World Tuna Day,World Tuna Day is a UN holiday designed to raise awareness of the global importance of tuna.,"2019-05-02",United Nations observance
National Day of Prayer,"National Day of Prayer is held on the first Thursday of May each year, inviting Americans of all faiths to pray for the country and its leaders.","2019-05-02",Observance
West Virginia Day of Prayer,West Virginia Day of Prayer is a state observance in the USA,"2019-05-02",Local observance
World Press Freedom Day,World Press Freedom Day focuses on the importance of the freedom of the press and freedom of expression.,"2019-05-03",United Nations observance
Kentucky Oaks,The Kentucky Oaks is a rade 1 Stakes horse race held annually on the Friday before the Kentucky Derby in May.,"2019-05-03",Sporting event
Kent State Shootings Remembrance,"Kent State Shootings Remembrance Day is a local observance in Kent, Ohio.","2019-05-04",Local observance
Kentucky Derby,"Kentucky Derby is a Grade I Stakes horse race held annually in Louisville, Kentucky in May.","2019-05-04",Sporting event
Rhode Island Independence Day,Rhode Island Independence Day is a day to celebrate the state's declaration of independence from Great Britain in 1776.,"2019-05-04",Local observance
National Explosive Ordnance Disposal (EOD) Day,National Explosive Ordnance Disposal (EOD) Day is an occasion to remember those serving the profession of explosive ordnance disposal in the United States Armed Forces.,"2019-05-04",Observance
International Family Equality Day,International Family Equality Day is a worldwide observance in the USA,"2019-05-05",Worldwide observance
Cinco de Mayo,"'Cinco de Mayo' means ""Fifth of May"" in Spanish and is a festival of Mexican pride and heritage.","2019-05-05",Observance
Ramadan Starts,"Many Muslims in the United States fast in the hours of daylight during Ramadan, the ninth month in the Islamic calendar.","2019-05-06",Muslim
National Nurses Day,National Nurses Day is an occasion to honor the work of nurses.,"2019-05-06",Observance
National Teacher Appreciation Day,National Teacher Appreciation Day is a observance in the USA,"2019-05-07",Observance
Time of Remembrance and Reconciliation for Those Who Lost Their Lives during the Second World War,"The United Nations’ (UN) Time of Remembrance and Reconciliation for Those Who Lost Their Lives during the Second World War is annually held over two days, from May 8-9.","2019-05-08",United Nations observance
World Ovarian Cancer Day,World Ovarian Cancer Day aims to spread global awareness about ovarian cancer.,"2019-05-08",Worldwide observance
World Red Cross and Red Crescent Day,World Red Cross and Red Crescent Day is a worldwide observance in the USA,"2019-05-08",Worldwide observance
Truman Day,"Truman Day is a holiday in the state of Missouri to honor Harry S Truman, the only person born in Missouri to ever become President of the United States.","2019-05-08",Local holiday
Victory in Europe Day,Victory in Europe Day is a observance in the USA,"2019-05-08",Observance
Yom Ha'atzmaut,"Many Jewish communities in the United States celebrate Yom Ha’Atzmaut, which is Israel’s Independence Day, on the fifth day of the month of Iyar in the Jewish calendar.","2019-05-09",Hebrew
Confederate Memorial Day,On Confederate Memorial Day remembers the soldiers who died fighting for the Confederate States of America during the American Civil War (1861-1865). It is a state holiday in some parts of the United States.,"2019-05-10",Local observance
Native American Day,"Native Americans' Day, on the second Monday of October, is celebrated some parts of the United States in lieu of Columbus Day.","2019-06-02",Local holiday
Confederate Memorial Day,On Confederate Memorial Day remembers the soldiers who died fighting for the Confederate States of America during the American Civil War (1861-1865). It is a state holiday in some parts of the United States.,"2019-05-10",Local holiday
Native American Day,"Native Americans' Day, on the second Monday of October, is celebrated some parts of the United States in lieu of Columbus Day.","2019-05-10",Local observance
Military Spouse Appreciation Day,Appreciate and thank all the military spouses and partners you know on Military Spouse Appreciation Day.,"2019-05-10",Local observance
Military Spouse Appreciation Day,Appreciate and thank all the military spouses and partners you know on Military Spouse Appreciation Day.,"2019-05-10",Observance
World Migratory Bird Day,World Migratory Bird Day is observed the second weekend of May every year.,"2019-05-11",United Nations observance
International Nurses Day,International Nurses Day focuses on the critical contribution of nurses around the world in maintaining public health.,"2019-05-12",Worldwide observance
Mother's Day,Mother's Day celebrates the role of mothers and mother figures.,"2019-05-12",Observance
Mother's Day,Mother's Day celebrates the role of mothers and mother figures.,"2019-05-12",Local holiday
International Day of Families,"The International Day of Families is an occasion to celebrate the importance of families to people, societies and cultures around the world.","2019-05-15",United Nations observance
Peace Officers Memorial Day,"Peace Officers Memorial Day is held annually in the United States on May 15 in honor of federal, state and local officers killed or disabled in the line of duty.","2019-05-15",Observance
International Day of Living Together in Peace,International Day of Living Together in Peace is a United Nations observance in the USA,"2019-05-16",United Nations observance
International Day of Light,International Day of Light is a United Nations observance in the USA,"2019-05-16",United Nations observance
World Telecommunication and Information Society Day,World Information Society Day is celebrated each year to raise awareness of how information and communication can be beneficial for societies and economies.,"2019-05-17",United Nations observance
National Defense Transportation Day,National Defense Transportation Day occurs annually in the United States on the third Friday of May.,"2019-05-17",Observance
Public Lands Day,Public Lands Day is a state observance in the USA,"2019-05-18",Local observance
Armed Forces Day,Armed Forces Day is a national observance in the United States on the third Saturday of May each year.,"2019-05-18",Observance
Preakness Stakes,The Preakness Stakes is the second event in the Triple Crown and is annually held two weeks after the Kentucky Derby.,"2019-05-18",Sporting event
Day of Vesak,Vesak Day is a Buddhist holiday that celebrates the birth of its founder. It is usually observed on the day of the full moon in May.,"2019-05-19",United Nations observance
World Bee Day,World Bee Day is a United Nations observance in the USA,"2019-05-20",United Nations observance
World Autoimmune / Autoinflammatory Arthritis Day,World Autoimmune / Autoinflammatory Arthritis Day is a worldwide observance in the USA,"2019-05-20",Worldwide observance
World Day for Cultural Diversity for Dialogue and Development,"The World Day for Cultural Diversity for Dialogue and Development, held on May 21, is an occasion for people to deepen their understanding of cultural diversity.","2019-05-21",United Nations observance
International Day for Biological Diversity,The International Day for Biological Diversity is an occasion to increase the global understanding and awareness of issues and challenges around biodiversity.,"2019-05-22",United Nations observance
Emergency Medical Services for Children Day,"Emergency Medical Services for Children (EMSC) Day is observed on the Wednesday of Emergency Medical Services (EMS) Week, May 19–25, in the United States.","2019-05-22",Observance
National Maritime Day,"National Maritime Day is annually observed in the United States on May 22. It is a time to observe its maritime heritage, to honor those who served as merchant mariners, and to recognize the benefits of the maritime industry.","2019-05-22",Observance
Harvey Milk Day,"Harvey Milk Day is an observance that is recognized in public schools in California, United States, on May 22 each year.","2019-05-22",Local observance
Lag BaOmer,Many Jewish Americans observe Lag B’Omer on the 18th day of the month of Iyar in the Jewish calendar.,"2019-05-23",Hebrew
International Day to End Obstetric Fistula,The International Day to End Obstetric Fistula raises awareness of fistula and calls for support to tackle the problem.,"2019-05-23",United Nations observance
African Liberation Day,African Liberation Day celebrates African nations' hard-fought freedom from European colonial powers.,"2019-05-25",Worldwide observance
National Missing Children's Day,National Missing Children's Day is an observation dedicated to addressing the problem of child abduction.,"2019-05-25",Observance
Memorial Day,Memorial Day commemorates all Americans who have died in military service for the United States.,"2019-05-27",National holiday
Memorial Day,Memorial Day commemorates all Americans who have died in military service for the United States.,"2019-05-27",Local holiday
Jefferson Davis' Birthday,"Jefferson Davis' Birthday, also known as Jefferson Davis Day, is a state holiday in Alabama in the United States.","2019-05-27",Local observance
International Day of United Nations Peacekeepers,The International Day of United Nations Peacekeepers is an occasion to pay tribute to people who served in United Nations (UN) peacekeeping operations.,"2019-05-29",United Nations observance
Ascension Day,Ascension Day is the 40th day of Easter and commemorates the ascension of Jesus Christ into heaven.,"2019-05-30",Christian
World No Tobacco Day,World No Tobacco Day draws attention to the health problems caused by tobacco use.,"2019-05-31",United Nations observance
Lailat al-Qadr,Laylat al Qadr is most likely to be held on one of the last 10 days of month of Ramadan in the Islamic calendar.,"2019-06-01",Muslim
Global Day of Parents,Global Day of Parents appreciates the role of a parent in nurturing and fostering growth for their children.,"2019-06-01",United Nations observance
First Day of Pride Month,First Day of Pride Month is a annual monthly observance in the USA,"2019-06-01",Observance
First Day of Caribbean-American Heritage Month,First Day of Caribbean-American Heritage Month is a annual monthly observance in the USA,"2019-06-01",Observance
Statehood Day,Statehood Day marks the anniversary of the dates that Kentucky became the 15th state and Tennessee became the 16th state of the United States.,"2019-06-01",Local observance
Jefferson Davis' Birthday,"Jefferson Davis' Birthday, also known as Jefferson Davis Day, is a state holiday in Alabama in the United States.","2019-06-03",Local holiday
Jefferson Davis' Birthday,"Jefferson Davis' Birthday, also known as Jefferson Davis Day, is a state holiday in Alabama in the United States.","2019-06-03",Local observance
Eid al-Fitr,"Eid al-Fitr is a holiday to mark the end of the Islamic month of Ramadan, during which Muslims fast during the hours of daylight.","2019-06-04",Muslim
International Day of Innocent Children Victims of Aggression,The United Nations' (UN) International Day of Innocent Children Victims of Aggression is observed on June 4 each year.,"2019-06-04",United Nations observance
World Environment Day,World Environment Day is held each year on June 5. It is one of the principal vehicles through which the United Nations (UN) stimulates worldwide awareness of the environment and enhances political attention and action.,"2019-06-05",United Nations observance
"International Day for the Fight against Illegal, Unreported and Unregulated Fishing","International Day for the Fight against Illegal, Unreported and Unregulated Fishing is a United Nations observance in the USA","2019-06-05",United Nations observance
Day of the Russian Language,Day of the Russian Language is a United Nations observance in the USA,"2019-06-06",United Nations observance
D-Day,"D-Day is a special anniversary in some countries, including the United States (U.S.), to remember Allied forces’ invasion of Normandy, France, in the Second World War.","2019-06-06",Observance
World Food Safety Day,World Food Safety Day is a United Nations observance in the USA,"2019-06-07",United Nations observance
World Oceans Day,World Oceans Day is annually observed on June 8 to raise awareness of the challenges humanity faces to protect the world's oceans.,"2019-06-08",United Nations observance
Belmont Stakes,The Belmont Stakes is the third and final horse race of the Triple Crown. It is run annually five weeks after the Kentucky Derby.,"2019-06-08",Sporting event
Pentecost,"Many Christians in the United States observe Pentecost, also known as Whitsunday or Whit Sunday.","2019-06-09",Christian
Shavuot,"Shavuot, also known as the Festival of Weeks, is one of three major Jewish festivals.","2019-06-09",Hebrew
Whit Monday,"Many Christians in the United States will observe Whit Monday, or Pentecost Monday. It is the day after Pentecost, which is also known as Whit Sunday or Whitsunday.","2019-06-10",Christian
Kamehameha Day,"Kamehameha Day, held annually on June 11, honors Kamehameha the Great (Kamehameha I), the monarch who united and established the Kingdom of Hawaii.","2019-06-11",Local holiday
World Day Against Child Labour,Poverty and injustice against widows is a world-wide problem addressed by International Widows' Day.,"2019-06-12",United Nations observance
Loving Day,Loving Day is a observance in the USA,"2019-06-12",Observance
International Albinism Awareness Day,International Albinism Awareness Day aims to stop the persecution and murders of people with albinism.,"2019-06-13",United Nations observance
World Blood Donor Day,On World Blood Donor Day numerous events are held worldwide to raise awareness about the importance of safe blood supplies.,"2019-06-14",United Nations observance
Army Birthday,Army Birthday is a observance in the USA,"2019-06-14",Observance
Flag Day,Flag Day is annually held on June 14 to honor the United States flag.,"2019-06-14",Observance
World Elder Abuse Awareness Day,"World Elder Abuse Awareness Day attempts to shine a light on the problem of physical, emotional, and financial abuse of elders.","2019-06-15",United Nations observance
Juneteenth National Freedom Day,Juneteenth National Freedom Day is a state observance in the USA,"2019-06-15",Local observance
Juneteenth Day,Juneteenth Day is a state observance in the USA,"2019-06-15",Local observance
Juneteenth National Freedom Day,Juneteenth National Freedom Day is a state observance in the USA,"2019-06-15",Local observance
Juneteenth Independence Day,Juneteenth Independence Day is a state observance in the USA,"2019-06-15",Local observance
Juneteenth National Freedom Day,Juneteenth National Freedom Day is a state observance in the USA,"2019-06-15",Local observance
Juneteenth,Juneteenth is a state observance in the USA,"2019-06-15",Local observance
Juneteenth National Freedom Day,Juneteenth National Freedom Day is a state observance in the USA,"2019-06-15",Local observance
Juneteenth,Juneteenth is a state observance in the USA,"2019-06-15",Local observance
Juneteenth National Freedom Day,Juneteenth National Freedom Day is a state observance in the USA,"2019-06-15",Local observance
Juneteenth Freedom Day,Juneteenth Freedom Day is a state observance in the USA,"2019-06-15",Local observance
Juneteenth National Freedom Day,Juneteenth National Freedom Day is a state observance in the USA,"2019-06-15",Local observance
Juneteenth Freedom Day,Juneteenth Freedom Day is a state observance in the USA,"2019-06-15",Local observance
Trinity Sunday,Trinity Sunday is the first Sunday after Pentecost and is celebrated by many Christians in the United States.,"2019-06-16",Christian
International Day of Family Remittances,The UN estimates that family remittances worth over 500 billion US$ are transferred worldwide every year.,"2019-06-16",United Nations observance
Father's Day,Father's Day celebrates the contribution that fathers and father figures make to the lives of their children.,"2019-06-16",Observance
Father's Day,Father's Day celebrates the contribution that fathers and father figures make to the lives of their children.,"2019-06-16",Local holiday
World Day to Combat Desertification and Drought,The United Nations' World Day to Combat Desertification and Drought is observed worldwide on June 17 each year.,"2019-06-17",United Nations observance
Bunker Hill Day,"Bunker Hill Day commemorates the Battle of Bunker Hill, which took place on June 17, 1775 on the Charlestown Peninsula, Boston Harbor, in Massachusetts.","2019-06-17",Local holiday
Sustainable Gastronomy Day,Sustainable Gastronomy Day is a United Nations observance in the USA,"2019-06-18",United Nations observance
Juneteenth,Juneteenth is a observance in the USA,"2019-06-19",Observance
International Day for the Elimination of Sexual Violence in Conflict,International Day for the Elimination of Sexual Violence in Conflict is a UN day aiming to rid the world of conflict-related sexual violence.,"2019-06-19",United Nations observance
Juneteenth,Juneteenth is a state observance in the USA,"2019-06-19",Local observance
Juneteenth Day,Juneteenth Day is a state observance in the USA,"2019-06-19",Local observance
Juneteenth National Freedom Day,Juneteenth National Freedom Day is a state observance in the USA,"2019-06-19",Local observance
Juneteenth,Juneteenth is a state observance in the USA,"2019-06-19",Local observance
Juneteenth,Juneteenth is a state observance in the USA,"2019-06-19",Local observance
National Juneteenth Freedom Day,National Juneteenth Freedom Day is a state observance in the USA,"2019-06-19",Local observance
Juneteenth Freedom Day,Juneteenth Freedom Day is a state observance in the USA,"2019-06-19",Local observance
Emancipation Day,Emancipation Day is a state observance in the USA,"2019-06-19",Local observance
Juneteenth,Juneteenth is a state observance in the USA,"2019-06-19",Local observance
Juneteenth Day,Juneteenth Day is a state observance in the USA,"2019-06-19",Local observance
Juneteenth,Juneteenth is a state observance in the USA,"2019-06-19",Local observance
Juneteenth Freedom Day,Juneteenth Freedom Day is a state observance in the USA,"2019-06-19",Local observance
Juneteenth Freedom Day,Juneteenth Freedom Day is a state holiday in the USA,"2019-06-19",Local holiday
Juneteenth National Freedom Day,Juneteenth National Freedom Day is a state observance in the USA,"2019-06-19",Local observance
Juneteenth,Juneteenth is a state observance in the USA,"2019-06-19",Local observance
Juneteenth National Freedom Day,Juneteenth National Freedom Day is a state observance in the USA,"2019-06-19",Local observance
Juneteenth Independence Day,Juneteenth Independence Day is a state observance in the USA,"2019-06-19",Local observance
Juneteenth Celebration of Freedom Day,Juneteenth Celebration of Freedom Day is a state observance in the USA,"2019-06-19",Local observance
Juneteenth,Juneteenth is a state observance in the USA,"2019-06-19",Local observance
Juneteenth,Juneteenth is a state observance in the USA,"2019-06-19",Local observance
Emancipation Day,Emancipation Day is a state holiday in the USA,"2019-06-19",Local holiday
World Refugee Day,"The United Nations' World Refugee Day honors refugees' courage, strength and determination.","2019-06-20",United Nations observance
West Virginia Day,"West Virginia Day, or WV Day, celebrates the anniversary of the creation of the state of West Virginia on June 20, 1863.","2019-06-20",Local holiday
American Eagle Day,"Observed annually on June 20 in 47 American states, American Eagle Day is an unofficial holiday that celebrates the removal of the American Bald Eagle from a list of ""endangered species"".","2019-06-20",Observance
International Day of Yoga,The International Day of Yoga is a UN-day that aims to raise awareness worldwide of the many benefits of practicing yoga.,"2019-06-21",United Nations observance
International Day of the Celebration of the Solstice,International Day of the Celebration of the Solstice is a United Nations observance in the USA,"2019-06-21",United Nations observance
June Solstice,June Solstice in the USA (New York),"2019-06-21T11:54:14-04:00",Season
Corpus Christi,Corpus Christi is observed in honor of the Holy Eucharist.,"2019-06-23",Christian
Public Service Day,The United Nations’ Public Service Day celebrates the idea that democracy and successful governance depend on a competent civil service.,"2019-06-23",United Nations observance
International Widows' Day,Poverty and injustice against widows is a world-wide problem addressed by International Widows' Day.,"2019-06-23",United Nations observance
Juneteenth Independence Day,Juneteenth Independence Day is a state observance in the USA,"2019-06-23",Local observance
Day of the Seafarer,"The Day of the Seafarer aims to acknowledge the social, and economic contribution of the millions of seafarers around the world.","2019-06-25",United Nations observance
International Day Against Drug Abuse and Illicit Trafficking,The United Nations’ (UN) International Day Against Drug Abuse and Illicit Trafficking raise awareness about the dangers of illicit drugs.,"2019-06-26",United Nations observance
International Day in Support of Victims of Torture,The United Nations’ (UN) International Day in Support of Victims of Torture is annually observed on June 26 to remind people that human torture is not only unacceptable – it is also a crime.,"2019-06-26",United Nations observance
"Micro-, Small and Medium-sized Enterprises Day","Micro-, Small and Medium-sized Enterprises Day is a United Nations observance in the USA","2019-06-27",United Nations observance
Carolina Day,Carolina Day is a state observance in the USA,"2019-06-28",Local observance
International Day of the Tropics,International Day of the Tropics is a United Nations observance in the USA,"2019-06-29",United Nations observance
International Asteroid Day,The United Nations established International Asteroid Day to raise public awareness of the asteroid impact hazard.,"2019-06-30",United Nations observance
International Day of Parliamentarism,International Day of Parliamentarism is a United Nations observance in the USA,"2019-06-30",United Nations observance
Independence Day,"On Independence Day, Americans celebrate the anniversary of publication of the Declaration of Independence from Great Britain in 1776.","2019-07-04",Local holiday
Independence Day,"On Independence Day, Americans celebrate the anniversary of publication of the Declaration of Independence from Great Britain in 1776.","2019-07-04",National holiday
Independence Day,"On Independence Day, Americans celebrate the anniversary of publication of the Declaration of Independence from Great Britain in 1776.","2019-07-04",Local holiday
Independence Day Holiday,Maryland state employees get the day after Independence Day off.,"2019-07-05",Local holiday
International Day of Cooperatives,"The United Nations' (UN) International Day of Cooperatives recognizes and reaffirms the role of cooperatives in economic, social and cultural development and in the achievement of social policy objectives.","2019-07-06",United Nations observance
World Population Day,The United Nations' (UN) World Population Day reaffirms the human right to plan for a family.,"2019-07-11",United Nations observance
Nathan Bedford Forrest Day,Nathan Bedford Forrest Day is a local observance in the USA,"2019-07-13",Local observance
Bastille Day,Bastille Day is a observance in the USA,"2019-07-14",Observance
World Youth Skills Day,Acquiring skills enhances youths' ability to make informed choices and empowers them to gain access to changing labor markets.,"2019-07-15",United Nations observance
Rural Transit Day,Rural Transit Day is a observance in the USA,"2019-07-16",Observance
Nelson Mandela Day,Nelson Mandela International Day is annually observed on July 18 to recognize the former South African president’s contribution to peace and freedom.,"2019-07-18",United Nations observance
Pioneer Day,Pioneer Day is an annual state holiday in Utah in the United States. It is celebrated to honor the pioneers who demonstrated industry and bravery when they ventured to settle in a place that is now Salt Lake City.,"2019-07-24",Local holiday
Korean War Veteran Recognition Day,Korean War Veteran Recognition Day is a state observance in the USA,"2019-07-27",Local observance
National Korean War Veterans Armistice Day,National Korean War Veterans Armistice Day is a observance in the USA,"2019-07-27",Observance
World Hepatitis Day,World Hepatitis Day is observed on July 28 every year to raise awareness of hepatitis and encourage prevention and treatment.,"2019-07-28",United Nations observance
Parents' Day,Parents’ Day is celebrated in the United States on the fourth Sunday of July each year to recognize and promote parenting as a crucial part of families and the wider community.,"2019-07-28",Observance
International Day of Friendship,The International Day of Friendship is annually held on July 30 to celebrate friendships worldwide.,"2019-07-30",United Nations observance
World Day Against Trafficking in Persons,July 30 is the UN World Day Against Trafficking in Persons,"2019-07-30",United Nations observance
Colorado Day,"Colorado Day is an annual observance that commemorates the state’s birthday on August 1, 1876, and its history.","2019-08-01",Local observance
Coast Guard Birthday,Coast Guard Birthday is a observance in the USA,"2019-08-04",Observance
Barack Obama Day,Barack Obama Day is a observance in the USA,"2019-08-04",Observance
American Family Day,American Family Day is a state holiday in the USA,"2019-08-04",Local holiday
Purple Heart Day,Purple Heart Day on August 7 commemorates the day in 1782 when General George Washington created the Purple Heart Medal – a military decoration that is awarded to those wounded or killed while serving in the United States Armed Forces.,"2019-08-07",Local observance
Purple Heart Day,Purple Heart Day on August 7 commemorates the day in 1782 when General George Washington created the Purple Heart Medal – a military decoration that is awarded to those wounded or killed while serving in the United States Armed Forces.,"2019-08-07",Observance
Purple Heart Day,Purple Heart Day on August 7 commemorates the day in 1782 when General George Washington created the Purple Heart Medal – a military decoration that is awarded to those wounded or killed while serving in the United States Armed Forces.,"2019-08-07",Local observance
International Day of the World's Indigenous People,The United Nations’ (UN) International Day of the World's Indigenous People is observed on August 9 each year to promote and protect the rights of the world’s indigenous peoples.,"2019-08-09",United Nations observance
Tisha B'Av,Tisha B’Av is on the ninth day of the month of Av in the Jewish calendar.,"2019-08-11",Hebrew
Eid al-Adha,"For more than 3 millions Muslims in the US, Eid al-Adha, the Festival of Sacrifice, is one of the most important dates in the calendar.","2019-08-11",Muslim
International Youth Day,The United Nations’ (UN) International Youth Day is annually held on August 12 to celebrate the achievements of the world’s youth and to encourage their participation in enhancing society.,"2019-08-12",United Nations observance
Victory Day,"Victory Day, also known as VJ Day, is an annual state holiday celebrated on the second Monday in August in Rhode Island in the United States. It marks the anniversary of the Allies’ victory over Japan during World War II.","2019-08-12",Local holiday
Raksha Bandhan,Raksha Bandhan is a Hindu festival that is celebrated on the full moon of the Hindu month of Shravana (Shravan Poornima). The day is also sometimes referred to as Brother and Sister Day because it honors the relationship between brother and sister.,"2019-08-14",Hinduism
Assumption of Mary,Assumption Day is a Christian observance in the United States that is held annually on August 15. Catholics observe the Dormition (falling asleep) or the day that the Blessed Virgin Mary was received into heaven.,"2019-08-15",Christian
Hawaii Statehood Day,Hawaii’s Statehood Day is celebrated on the third Friday of August to commemorate the anniversary of Hawaii’s statehood.,"2019-08-16",Local holiday
Bennington Battle Day,Bennington Battle Day is a state holiday in Vermont. It commemorates the American victory at the Battle of Bennington during the Revolutionary War in north America in 1777.,"2019-08-16",Local holiday
National Navajo Code Talkers Day,National Navajo Code Talkers Day is a state holiday in the USA,"2019-08-18",Local holiday
National Senior Citizens Day,National Senior Citizens Day is an observance on the third Sunday of August to honor the contributions of senior citizens in the United States.,"2019-08-18",Observance
World Humanitarian Day,The United Nations’(UN) World Humanitarian Day focuses on increasing public awareness about humanitarian service worldwide and is annually observed on August 19.,"2019-08-19",United Nations observance
National Aviation Day,National Aviation Day is observed in the United States on August 19 each year to celebrate the history and development of the aviation.,"2019-08-19",Observance
International Day of Remembrance of and Tribute to the Victims of Terrorism,International Day of Remembrance of and Tribute to the Victims of Terrorism is a United Nations observance in the USA,"2019-08-21",United Nations observance
International Day Commemorating the Victims of Acts of Violence Based on Religion or Belief,International Day Commemorating the Victims of Acts of Violence Based on Religion or Belief is a United Nations observance in the USA,"2019-08-22",United Nations observance
Janmashtami,"Krishna Janmashtami is a Hindu festival that celebrates the birth of Krishna, the eighth incarnation of the god Vishnu. It is celebrated on the eighth day of the Hindu month of Bhadrava (Bhadrapada), which is usually in August or September.","2019-08-23",Hinduism
International Day for the Remembrance of the Slave Trade and its Abolition,The United Nations’ (UN) International Day for the Remembrance of the Slave Trade and its Abolition is held on August 23 each year to remind people of the tragedy of the transatlantic slave trade.,"2019-08-23",United Nations observance
Susan B. Anthony Day,Susan B Anthony Day is an national American observance that is legally recognized in some states.,"2019-08-26",Local observance
Women's Equality Day,Women's Equality Day on August 26 is an annual observance that commemorates the anniversary of the first time voting rights were extended to women in the United States.,"2019-08-26",Observance
Lyndon Baines Johnson Day,"Lyndon Baines Johnson Day is a state holiday in Texas in the United States on August 27 each year. It commemorates the birthday of Lyndon Baines Johnson, who was the 36th president of the USA.","2019-08-27",Local holiday
International Day against Nuclear Tests,The United Nations’ (UN) International Day against Nuclear Tests is annually observed on August 29. The day raises awareness of the dangers of nuclear weapons and a closer approach to eliminating the use of those weapons.,"2019-08-29",United Nations observance
International Day of the Victims of Enforced Disappearances,The International Day of the Victims of Enforced Disappearances is annually observed on August 30.,"2019-08-30",United Nations observance
Muharram,"The first day of Muharram, which is the first month in the Islamic calendar, marks the start of the Islamic New Year.","2019-08-31",Muslim
International Overdose Awareness Day, International Overdose Awareness Day is an annual observation which aims to raise global awareness of about the impact of drug overdose on families and communities. The campaign also attempts to remove the stigma associated with overdose.,"2019-08-31",Worldwide observance
Ganesh Chaturthi,"Ganesh Chaturthi is the great Ganesha festival that celebrates the birthday of Lord Ganesha during the Hindu Month of Bhadra, which usually falls between mid-August and mid-September. It is also known as Vinayaka Chaturthi and can last up to 10 days.","2019-09-02",Hinduism
Labor Day,Labor Day is a federal holiday in the United States. It gives workers a day of rest and it celebrates their contribution to the American economy.,"2019-09-02",National holiday
World Sexual Health Day, World Sexual Health Day is an annual awareness day that attempts to break down social and cultural taboos associated with sexuality and to promote sexual health around the world.,"2019-09-04",Worldwide observance
International Day of Charity,The International Day of Charity raises public awareness of what charities do to help minimize poverty.,"2019-09-05",United Nations observance
Still's Disease Awareness Day,Still's Disease Awareness Day is a worldwide observance in the USA,"2019-09-07",Worldwide observance
Carl Garner Federal Lands Cleanup Day,Carl Garner Federal Lands Cleanup Day encourages people in the United States to participate in cleaning up the federal lands. It is observed on the first Saturday after Labor Day.,"2019-09-07",Observance
Native American Day,"Native Americans' Day, on the second Monday of October, is celebrated some parts of the United States in lieu of Columbus Day.","2019-09-07",Local observance
International Literacy Day,The United Nations' (UN) International Literacy Day is held on September 8 each year.,"2019-09-08",United Nations observance
National Grandparents Day,National Grandparents Day is celebrated on the first Sunday of September after Labor Day in the United States.,"2019-09-08",Observance
California Admission Day,"California Admission Day is an annual legal observance in California, in the United States.","2019-09-09",Local holiday
Ashura,Ashura is a Muslim in the USA,"2019-09-10",Muslim
World Suicide Prevention Day,World Suicide Prevention Day promotes worldwide action to prevent suicides on September 10 each year.,"2019-09-10",Worldwide observance
First Responders Day,First Responders Day is a state observance in the USA,"2019-09-11",Local observance
Patriot Day,"Patriot Day is held in memory of nearly 3000 people who died during terrorist attacks in New York, Washington DC and Shanksville, Pennsylvania, in the United States.","2019-09-11",Local observance
Patriot Day,"Patriot Day is held in memory of nearly 3000 people who died during terrorist attacks in New York, Washington DC and Shanksville, Pennsylvania, in the United States.","2019-09-11",Observance
International Day for South-South Cooperation,The United Nations Day for South-South Cooperation is observed on September 12 each year.,"2019-09-12",United Nations observance
International Programmers' Day,"Many people celebrate International Programmers’ Day on January 7, while others observe this event on the 256th day of the year, usually on September 13 or on September 12 in leap years.","2019-09-13",Worldwide observance
Friday the 13th,Friday the 13th is a day full of superstitious beliefs in communities worldwide.,"2019-09-13",Worldwide observance
International Day of Democracy,The United Nations’ (UN) International Day of Democracy is observed on September 15 each year.,"2019-09-15",United Nations observance
First Day of National Hispanic Heritage Month,First Day of National Hispanic Heritage Month is a annual monthly observance in the USA,"2019-09-15",Observance
Constitution Commemoration Day,Constitution Day and Citizenship Day is a combined event that occurs in the United States on September 17 each year.,"2019-09-15",Local holiday
International Day for the Preservation of the Ozone Layer,The United Nations' (UN) International Day for the Preservation of the Ozone Layer focuses on the importance of protecting human health and the environment.,"2019-09-16",United Nations observance
World Patient Safety Day,World Patient Safety Day is a United Nations observance in the USA,"2019-09-17",United Nations observance
Constitution Day and Citizenship Day,Constitution Day and Citizenship Day is a combined event that occurs in the United States on September 17 each year.,"2019-09-17",Observance
Air Force Birthday,Air Force Birthday is a observance in the USA,"2019-09-18",Observance
National POW/MIA Recognition Day,National POW/MIA Recognition Day is annually observed in the United States on the third Friday of September.,"2019-09-20",Observance
International Day of Peace,"The United Nations' (UN) International Day of Peace is annually held on September 21 to recognize the efforts of individuals, organizations and governments to end conflict and promote peace.","2019-09-21",United Nations observance
National CleanUp Day,National CleanUp Day is a observance in the USA,"2019-09-21",Observance
Emancipation Day,Emancipation Day is a state-wide observation in Ohio on September 22.,"2019-09-22",Local observance
International Day of Sign Languages,International Day of Sign Languages is a United Nations observance in the USA,"2019-09-23",United Nations observance
International Celebrate Bisexuality Day,"International Celebrate Bisexuality Day, also known as Bi Visibility Day, promotes the rights of bisexual people around the world.","2019-09-23",Worldwide observance
American Indian Day,American Indian Day is a state observance in the USA,"2019-09-23",Local observance
September Equinox,September Equinox in the USA (New York),"2019-09-23T03:50:13-04:00",Season
World Maritime Day,"World Maritime Day is held on the last week of September each year, although the exact date is up to individual governments around the world.","2019-09-26",United Nations observance
International Day for the Total Elimination of Nuclear Weapons,The International Day for the Total Elimination of Nuclear Weapons raises awareness about the dangers of nuclear weapons.,"2019-09-26",United Nations observance
World Tourism Day,The United Nations’ (UN) World Tourism Day is annually held on September 27 to raise awareness on the benefits of tourism.,"2019-09-27",United Nations observance
Native American Day,"Native Americans' Day, on the second Monday of October, is celebrated some parts of the United States in lieu of Columbus Day.","2019-09-27",Local observance
Native American Day,"Native Americans' Day, on the second Monday of October, is celebrated some parts of the United States in lieu of Columbus Day.","2019-09-27",Local observance
American Indian Heritage Day,American Indian Heritage Day is often observed on the Friday after Thanksgiving Day in the United States.,"2019-09-27",Local observance
American Indian Heritage Day,American Indian Heritage Day is often observed on the Friday after Thanksgiving Day in the United States.,"2019-09-27",Local observance
Michigan Indian Day,Michigan Indian Day is a state observance in the USA,"2019-09-27",Local observance
World Rabies Day,World Rabies Day is annually observed on September 28 to raise awareness about rabies and how it can be prevented.,"2019-09-28",Worldwide observance
Public Lands Day,Public Lands Day is a state observance in the USA,"2019-09-28",Local observance
National Public Lands Day,National Public Lands Day is a observance in the USA,"2019-09-28",Observance
Navratri,Navratri is a Hindu holiday in the USA,"2019-09-29",Hinduism
World Heart Day,World Heart Day raises awareness of cardiovascular diseases and ways to reduce their risk.,"2019-09-29",Worldwide observance
Gold Star Mother's Day,Gold Star Mother’s Day is annually observed in the United States on the last Sunday of September.,"2019-09-29",Observance
Rosh Hashana,Rosh Hashanah is the Jewish New Year. Many Jewish-run organizations in the US are closed during the two-day celebration.,"2019-09-30",Hebrew
International Translation Day,International Translation Day is a United Nations observance in the USA,"2019-09-30",United Nations observance
Rosh Hashana,Rosh Hashanah is the Jewish New Year. Many Jewish-run organizations in the US are closed during the two-day celebration.,"2019-09-30",Local holiday
International Day of Older Persons,The United Nations' (UN) International Day of Older Persons is celebrated on October 1 each year as a special day for older persons worldwide.,"2019-10-01",United Nations observance
World Vegetarian Day,"World Vegetarian Day is an annual observation that spreads awareness about the health, environmental, and ethical benefits of following a vegetarian lifestyle. The unofficial holiday encourages people to avoid eating foods that include animal products and to adopt a plant-based diet.","2019-10-01",Worldwide observance
International Day of Non-Violence,The United Nations’ (UN) International Day of Non-Violence is a globally observed on October 2 each year to promote non-violence.,"2019-10-02",United Nations observance
Feast of St Francis of Assisi,"Many Catholics in the United States, particularly those with pets, celebrate the Feast of St Francis of Assisi, the patron saint of animals and the environment, on October 4 each year.","2019-10-04",Christian
World Teachers' Day,The United Nations' (UN) World Teachers' Day commemorates the work of teachers and their contributions to society. It is observed on October 5 each year.,"2019-10-05",United Nations observance
World Cerebral Palsy Day,"World Cerebral Palsy Day is an annual awareness observation that brings together people with cerebral palsy, their families and loved ones, and organizations working to ensure equal rights for them.","2019-10-06",Worldwide observance
German American Day,German American Day is a observance in the USA,"2019-10-06",Observance
Dussehra,Dussehra is a Hindu holiday in the USA,"2019-10-07",Hinduism
World Habitat Day,The United Nations’ (UN) World Habitat Day reflects on the state of human settlements and people’s right to sufficient shelter.,"2019-10-07",United Nations observance
Child Health Day,Child Health Day is annually celebrated in the United States on the first Monday of October.,"2019-10-07",Observance
Yom Kippur,Yom Kippur is an important Jewish holiday that falls on the 10th day of the month of Tishrei in the Jewish calendar.,"2019-10-09",Hebrew
World Post Day,World Post Day marks the anniversary of the Universal Postal Union's establishment in 1874. It is held on October 9 each year.,"2019-10-09",United Nations observance
International Day for Natural Disaster Reduction,The United Nations’ (UN) International Day for Natural Disaster Reduction is annually observed on the second Wednesday of October to promote a global culture of natural disaster risk reduction.,"2019-10-09",United Nations observance
Leif Erikson Day,Leif Erikson Day honors the first Scandinavian known to have set foot on American soil and the contribution of the Nordic peoples to the United States.,"2019-10-09",Local observance
Leif Erikson Day,Leif Erikson Day honors the first Scandinavian known to have set foot on American soil and the contribution of the Nordic peoples to the United States.,"2019-10-09",Observance
Yom Kippur,Yom Kippur is an important Jewish holiday that falls on the 10th day of the month of Tishrei in the Jewish calendar.,"2019-10-09",Local holiday
World Mental Health Day,"World Mental Health Day, which is supported by the United Nations (UN), is annually held on October 10 to raise public awareness about mental health issues worldwide.","2019-10-10",United Nations observance
World Sight Day,World Sight Day is annually held on the second Thursday of October to raise awareness about blindness and vision impairment.,"2019-10-10",Worldwide observance
International Day of the Girl Child,The International Day of the Girl Child is a United Nations (UN) observance on October 11 each year.,"2019-10-11",United Nations observance
Casimir Pulaski Day,"Casimir Pulaski Day is a day off for some schools and offices in Illinois, USA, on the first Monday of March each year.","2019-10-11",Local observance
Casimir Pulaski Day,"Casimir Pulaski Day is a day off for some schools and offices in Illinois, USA, on the first Monday of March each year.","2019-10-11",Local observance
Casimir Pulaski Day,"Casimir Pulaski Day is a day off for some schools and offices in Illinois, USA, on the first Monday of March each year.","2019-10-11",Local observance
Anniversary of Death of General Pulaski,"Casimir Pulaski Day is a day off for some schools and offices in Illinois, USA, on the first Monday of March each year.","2019-10-11",Local observance
World Migratory Bird Day,World Migratory Bird Day is observed the second weekend of May every year.,"2019-10-12",United Nations observance
Robert E. Lee's Birthday,Robert E. Lee’s birthday is an annual official state holiday that is shared with Martin Luther King’s birthday in some parts of the US.,"2019-10-12",Local observance
Navy Birthday,"Navy Birthday celebrates the establishment of the United States Navy on October 13, 1775.","2019-10-13",Observance
Chicago Marathon,The Chicago Marathon is one of the six World Marathon Majors and is held annually in October.,"2019-10-13",Sporting event
First Day of Sukkot,"The first day of Sukkot marks the start of the Sukkot festival for Jewish communities in many countries, including the United States.","2019-10-14",Hebrew
Columbus Day,Columbus Day celebrates 15th century explorer Christopher Columbus's arrival in America in 1492.,"2019-10-14",Local holiday
Columbus Day,Columbus Day celebrates 15th century explorer Christopher Columbus's arrival in America in 1492.,"2019-10-14",National holiday
Fraternal Day,Fraternal Day is a state holiday in the USA,"2019-10-14",Local holiday
Native American Day,"Native Americans' Day, on the second Monday of October, is celebrated some parts of the United States in lieu of Columbus Day.","2019-10-14",Local observance
Native American Day,"Native Americans' Day, on the second Monday of October, is celebrated some parts of the United States in lieu of Columbus Day.","2019-10-14",Local holiday
Indigenous People's Day,Indigenous People's Day is a state holiday in the USA,"2019-10-14",Local holiday
Indigenous People's Day,Indigenous People's Day is a state observance in the USA,"2019-10-14",Local observance
American Indian Heritage Day,American Indian Heritage Day is often observed on the Friday after Thanksgiving Day in the United States.,"2019-10-14",Local holiday
International Day of Rural Women,The United Nations’ (UN) International Day of Rural Women is annually celebrated on October 15 to recognize rural women’s role in supporting their communities.,"2019-10-15",United Nations observance
White Cane Safety Day,White Cane Safety Day is a United States observance annually held on October 15 to celebrate blind and visually impaired people's achievements and the importance of the white cane.,"2019-10-15",Observance
World Food Day,World Food Day is celebrated on October 16 each year.,"2019-10-16",United Nations observance
Boss's Day,"Boss’s Day is observed in many workplaces in the United States on October 16, or the nearest working day, each year.","2019-10-16",Observance
International Day for the Eradication of Poverty,The United Nations’ (UN) International Day for the Eradication of Poverty is annually observed on October 17 to promote awareness of the need to eradicate poverty worldwide.,"2019-10-17",United Nations observance
Alaska Day,"Alaska Day is an official holiday in Alaska, the United States, on October 18 each year. It commemorates the formal transfer of Alaska from Russia to the United States on October 18, 1867.","2019-10-18",Local holiday
Sweetest Day,Sweetest Day is a observance in the USA,"2019-10-19",Observance
Last Day of Sukkot,"Many Jewish communities in countries such as the United States observe the last day of Sukkot, which marks the end of the Sukkot festival.","2019-10-20",Hebrew
Shmini Atzeret,"Shemini Atzeret (or Shmini Atzeret) is a Jewish holiday dedicated to the love of God, while Simchat Torah (Simchas Torah or Simhat Torah) marks the end of Sukkot and celebrates the completion of the annual reading of the Torah.","2019-10-21",Hebrew
Simchat Torah,Simchat Torah (Simchas Torah or Simhat Torah) is a Jewish holiday that marks the end of Sukkot and celebrates the completion of the annual reading of the Torah.,"2019-10-22",Hebrew
United Nations Day,United Nations Day marks the anniversary of the United Nations Charter coming into force in 1945 and celebrates the work of this organization. United Nations Day annually falls on October 24.,"2019-10-24",United Nations observance
World Development Information Day,The United Nations' (UN) World Development Information Day falls on October 24 each year.,"2019-10-24",United Nations observance
Nevada Day,"Nevada Day is an annual state holiday celebrated in Nevada, the United States, on the last Friday of October. It commemorates the statehood of Nevada, which took place on October 31, 1864.","2019-10-25",Local holiday
Diwali/Deepavali,"Diwali, also known as the Festival of Lights, is one of the most popular Hindu festivals.","2019-10-27",Hinduism
World Day for Audiovisual Heritage,The World Day for Audiovisual Heritage is observed on October 27 every year.,"2019-10-27",United Nations observance
World Stroke Day,World Stroke Day is annually held on October 29 to raise awareness about stroke and ways to combat it.,"2019-10-29",Worldwide observance
World Cities Day,World Cities Day is a UN observance that aims to recognize the role of cities as  a foundation for social and economic development.,"2019-10-31",United Nations observance
Halloween,"Halloween is celebrated by hosting costume parties, playing 'trick-or-treat', watching horror films, visiting haunted houses or carving lanterns out of pumpkins.","2019-10-31",Observance
All Saints' Day,"Many Catholics honor all the saints on All Saints' Day, also known as All Hallows' Day, in the United States.","2019-11-01",Christian
World Vegan Day,World Vegan Day is an annual observation that brings together vegans around the world to bring attention to animal rights and to spread the word about the health advantages of following a vegan diet.,"2019-11-01",Worldwide observance
First Day of Native American Heritage Month,First Day of Native American Heritage Month is a annual monthly observance in the USA,"2019-11-01",Observance
All Souls' Day,"Prayers for the dead are made on All Souls’ Day in the United States, which falls on November 2 each year. The Day of the Dead is also celebrated on this day.","2019-11-02",Christian
International Day to End Impunity for Crimes against Journalists,The International Day to End Impunity for Crimes against Journalists raises awareness about violence against journalists.,"2019-11-02",United Nations observance
New York City Marathon,The New York City Marathon is one of the world's largest marathons and takes place every year in November.,"2019-11-03",Sporting event
Daylight Saving Time ends,Daylight Saving Time ends in the USA,"2019-11-03T02:00:00-04:00",Clock change/Daylight Saving Time
World Tsunami Awareness Day,World Tsunami Awareness Day is a United Nations observance in the USA,"2019-11-05",United Nations observance
Election Day,Election Day in the United States of America is the day on which popular ballots are held to select public officials.,"2019-11-05",Observance
Election Day,Election Day in the United States of America is the day on which popular ballots are held to select public officials.,"2019-11-05",Local holiday
International Day for Preventing the Exploitation of the Environment in War and Armed Conflict,The United Nations’ (UN) International Day for Preventing the Exploitation of the Environment in War and Armed Conflict is held on November 6 each year.,"2019-11-06",United Nations observance
The Prophet's Birthday,Eid Milad ul-Nabi (Mawlid or Milad-un-Nabi) commemorates the Prophet Muhammed's birthday.,"2019-11-09",Muslim
World Science Day for Peace and Development,The World Science Day for Peace and Development (WSDPD) is celebrated on November 10 each year.,"2019-11-10",United Nations observance
Marine Corps Birthday,"Marine Corps Birthday celebrates the establishment of the United States Marine Corps on November 10, 1775.","2019-11-10",Observance
Singles’ Day,"","2019-11-11",Worldwide observance
Barack Obama Day,Barack Obama Day is a local observance in the USA,"2019-11-11",Local observance
Veterans Day,Veterans Day in the USA is a holiday to honor all who have served in the United States Military Services.,"2019-11-11",National holiday
World Pneumonia Day,"World Pneumonia Day supports all efforts made to protect and treat people against pneumonia, the single largest cause of child deaths worldwide.","2019-11-12",Worldwide observance
World Diabetes Day,World Diabetes Day is held annually to raise awareness of diabetes and its complications and the care that people with this condition need. It is observed on November 14 each year.,"2019-11-14",United Nations observance
International Day for Tolerance,The United Nations’ (UN) International Day for Tolerance is observed on November 16 each year to help people understand the importance of tolerance worldwide.,"2019-11-16",United Nations observance
World Day of Remembrance for Road Traffic Victims,The World Day of Remembrance for Road Traffic Victims serves as a major advocacy day for road traffic injury prevention.,"2019-11-17",United Nations observance
World Prematurity Day, World Prematurity Day is an annual observance that is dedicated to raising awareness about the health and emotional issues surrounding preterm birth.,"2019-11-17",Worldwide observance
World Toilet Day,World Toilet Day aims to promote public awareness of the need for adequate toilets to improve people’s health and save lives.,"2019-11-19",United Nations observance
International Men's Day,International Men’s Day celebrates men's achievements worldwide and throughout history.,"2019-11-19",Worldwide observance
George Rogers Clark Day,George Rogers Clark Day is a state observance in the USA,"2019-11-19",Local observance
Universal Children's Day,The United Nations' (UN) Universal Children's Day is an occasion to promote the welfare of children and an understanding between children all over the world. It is held on November 20 each year,"2019-11-20",United Nations observance
Africa Industrialization Day,Africa Industrialization Day aims to stimulate the international community's commitment to the industrialization of Africa.,"2019-11-20",United Nations observance
Transgender Day of Remembrance,Transgender Day of Remembrance is a worldwide observance in the USA,"2019-11-20",Worldwide observance
World Television Day,The United Nations’ (UN) World Television Day is globally celebrated on November 21 each year.,"2019-11-21",United Nations observance
World Philosophy Day,World Philosophy Day is celebrated on the third Thursday of November each year.,"2019-11-21",United Nations observance
International Day for the Elimination of Violence against Women,The United Nations' (UN) International Day for the Elimination of Violence against Women raises public awareness of violence against women in all countries around the world and at all levels of society. It is observed each year on November 25.,"2019-11-25",United Nations observance
Thanksgiving Day,Thanksgiving Day in the United States is traditionally a holiday to give thanks for the food collected at the end of the harvest season.,"2019-11-28",National holiday
International Day of Solidarity with the Palestinian People,The United Nations’ (UN) International Day of Solidarity with the Palestinian People is annually observed on November 29.,"2019-11-29",United Nations observance
Nellie Tayloe Ross's Birthday,Nellie Tayloe Ross's Birthday is a state observance in the USA,"2019-11-29",Local observance
State Holiday,State Holiday is a state holiday in the USA,"2019-11-29",Local holiday
Presidents' Day (Observed),Presidents' Day (Observed) is a state holiday in the USA,"2019-11-29",Local holiday
Lincoln's Birthday/Lincoln's Day,"Lincoln’s Birthday is observed in the United States in honor of Abraham Lincoln, who was the nation’s 16th president and was known as the Great Emancipator.","2019-11-29",Local holiday
Day After Thanksgiving,"The Day After Thanksgiving, also known as Black Friday, is a state holiday more than 20 states.","2019-11-29",Local holiday
Day After Thanksgiving,"The Day After Thanksgiving, also known as Black Friday, is a state holiday more than 20 states.","2019-11-29",Local holiday
Family Day,"The Day After Thanksgiving, also known as Black Friday, is a state holiday more than 20 states.","2019-11-29",Local holiday
Acadian Day,"The Day After Thanksgiving, also known as Black Friday, is a state holiday more than 20 states.","2019-11-29",Local holiday
Black Friday,Black Friday is the day after Thanksgiving Day in the USA. It is a busy shopping day and is a holiday in some states.,"2019-11-29",Observance
American Indian Heritage Day,American Indian Heritage Day is often observed on the Friday after Thanksgiving Day in the United States.,"2019-11-29",Local holiday
Native American Heritage Day,Native American Heritage Day is a state holiday in the USA,"2019-11-29",Local holiday
Native American Heritage Day,Native American Heritage Day is a observance in the USA,"2019-11-29",Observance
Day of Remembrance for all Victims of Chemical Warfare,The UN’s Day of Remembrance for all Victims of Chemical Warfare is annually observed on April 29.,"2019-11-30",United Nations observance
First Sunday of Advent,"Many Christians in the United States observe the first Sunday of Advent, which marks the start of the Christian year.","2019-12-01",Christian
World AIDS Day,The United Nations' (UN) World AIDS Day is annually observed on December 1.,"2019-12-01",United Nations observance
Rosa Parks Day,The life of American civil rights leader Rosa Parks is celebrated in the United States on either February 4 or December 1.,"2019-12-01",Local observance
Rosa Parks Day,The life of American civil rights leader Rosa Parks is celebrated in the United States on either February 4 or December 1.,"2019-12-01",Local observance
International Day for the Abolition of Slavery,The United Nations’ (UN) International Day for the Abolition of Slavery is annually observed on December 2.,"2019-12-02",United Nations observance
Cyber Monday,Most online retailers in the US offer discounted prices on their products and services on Cyber Monday.,"2019-12-02",Observance
International Day of Persons with Disabilities,The United Nations' (UN) International Day of Persons with Disabilities is annually observed on December 3 to re-affirm and draw attention to the rights of people who live with disabilities.,"2019-12-03",United Nations observance
Giving Tuesday,"","2019-12-03",Worldwide observance
Giving Tuesday,The first Tuesday after Thanksgiving has been dubbed “Giving Tuesday” by charities.,"2019-12-03",Observance
International Volunteer Day for Economic and Social Development,"The United Nations’ (UN) International Volunteer Day for Economic and Social Development, also known as International Volunteer Day (IVD), is observed on December 5 each year.","2019-12-05",United Nations observance
World Soil Day,World Soil Day raises awareness of why soil is needed for sustainable living.,"2019-12-05",United Nations observance
St Nicholas Day,Some churches in the United States recognize St Nicholas' Day as a feast day.,"2019-12-06",Observance
International Civil Aviation Day,International Civil Aviation Day is observed globally on December 7 each year. It is observed by organizations such as the International Civil Aviation Organization (ICAO).,"2019-12-07",United Nations observance
Pearl Harbor Remembrance Day,"National Pearl Harbor Remembrance Day remembers those who died or were injured when Pearl Harbor, in Hawaii, was attacked in 1941.","2019-12-07",Observance
Pearl Harbor Remembrance Day,"National Pearl Harbor Remembrance Day remembers those who died or were injured when Pearl Harbor, in Hawaii, was attacked in 1941.","2019-12-07",Local observance
Pearl Harbor Remembrance Day,"National Pearl Harbor Remembrance Day remembers those who died or were injured when Pearl Harbor, in Hawaii, was attacked in 1941.","2019-12-07",Local observance
Delaware Day,Delaware Day is a state observance in the USA,"2019-12-07",Local observance
Feast of the Immaculate Conception,The Feast of the Immaculate Conception is a Christian observance on December 8 each year.,"2019-12-09",Christian
International Anti-Corruption Day,The United Nations’ (UN) International Anti-Corruption Day is annually observed on December 9 to raise public awareness of corruption and ways to fight it.,"2019-12-09",United Nations observance
World Genocide Commemoration Day,World Genocide Commemoration Day is a UN holiday dedicated to the victims of genocide.,"2019-12-09",United Nations observance
Green Monday,The last Monday at least ten days before Christmas has been dubbed “Green Monday” by online marketers.,"2019-12-09",Worldwide observance
Human Rights Day,Human Rights Day marks the anniversary of when the Universal Declaration of Human Rights was proclaimed.,"2019-12-10",United Nations observance
Wyoming Day,Wyoming Day is a state observance in the USA,"2019-12-10",Local observance
International Mountain Day,"The United Nations' (UN) International Mountain Day is an occasion to help raise awareness of the people who live in mountainous regions and the role that these regions play in providing food, water, and recreation. It is observed on December 11 each year.","2019-12-11",United Nations observance
International Day of Neutrality,International Day of Neutrality is a United Nations observance in the USA,"2019-12-12",United Nations observance
International Universal Health Coverage Day,International Universal Health Coverage Day is a United Nations observance in the USA,"2019-12-12",United Nations observance
Feast of Our Lady of Guadalupe,"The Feast of Our Lady Guadalupe, in honor of Jesus’ mother Mary, is a Catholic observance in the United States.","2019-12-12",Christian
Friday the 13th,Friday the 13th is a day full of superstitious beliefs in communities worldwide.,"2019-12-13",Worldwide observance
National Guard Birthday,National Guard Birthday is a observance in the USA,"2019-12-13",Observance
Bill of Rights Day,Bill of Rights Day is a observance in the USA,"2019-12-15",Observance
Pan American Aviation Day,"December 17 marks Pan American Aviation Day, which is annually observed in the United States.","2019-12-17",Observance
Wright Brothers Day,The Wright Brothers Day is annually celebrated in the United States on December 17 to commemorate the historic flight made by Orville and Wilbur Wright on that date in 1903.,"2019-12-17",Observance
International Migrants Day,The United Nations (UN) International Migrants Day is celebrated on December 18 each year.,"2019-12-18",United Nations observance
Arabic Language Day,World Arabic Language Day is a United Nations (UN) observance that celebrates one of the organization’s 6 official languages – Arabic.,"2019-12-18",United Nations observance
International Human Solidarity Day,The United Nations' (UN) International Human Solidarity Day is celebrated on December 20 each year to raise public awareness on the importance of solidarity in fighting poverty.,"2019-12-20",United Nations observance
Super Saturday,"The final Saturday before Christmas has become a very popular shopping day in the US, earning the nickname Super Saturday.","2019-12-21",Worldwide observance
December Solstice,December Solstice in the USA (New York),"2019-12-21T23:19:26-05:00",Season
Chanukah/Hanukkah (first day),"The first day of Hanukkah is the start of the Hanukkah period, which lasts for eight days, from the 25th day of the month of Kislev to the second day of Tevet in the Hebrew calendar.","2019-12-23",Hebrew
Christmas Eve,Christmas Eve in the United States is on December 24 each year.,"2019-12-24","Observance, Christian"
Christmas Eve,Christmas Eve in the United States is on December 24 each year.,"2019-12-24",Local holiday
Christmas Eve,Christmas Eve in the United States is on December 24 each year.,"2019-12-24",National holiday
Christmas Eve,Christmas Eve in the United States is on December 24 each year.,"2019-12-24",Local holiday
Washington's Birthday,Washington's Birthday is a state holiday in the USA,"2019-12-24",Local holiday
Christmas Day,Christmas Day celebrates Jesus Christ's birth.,"2019-12-25","National holiday, Christian"
Christmas Day,Christmas Day celebrates Jesus Christ's birth.,"2019-12-25","Local holiday, Christian"
Christmas Day,Christmas Day celebrates Jesus Christ's birth.,"2019-12-25","Local holiday, Christian"
Christmas Day,Christmas Day celebrates Jesus Christ's birth.,"2019-12-25","Local holiday, Christian"
Christmas Day,Christmas Day celebrates Jesus Christ's birth.,"2019-12-25","Local holiday, Christian"
Kwanzaa (first day),"Kwanzaa is a week-long holiday honoring the culture and traditions of African people and their descendants worldwide, especially in the United States.","2019-12-26",Observance
Day After Christmas Day,Some states in the United States observe the Day after Christmas Day as a public holiday.,"2019-12-26",Local holiday
Day After Christmas Day,Some states in the United States observe the Day after Christmas Day as a public holiday.,"2019-12-26",Local holiday
Last Day of Chanukah,"The last day of Hanukkah marks the end of a festive Jewish occasion, known as Hanukkah or Chanukah.","2019-12-30",Hebrew
New Year's Eve,New Year's Eve is the last day of the year in the Gregorian calendar. Many parties to welcome the New Year are held in in the United States on New Year's Eve.,"2019-12-31",Observance
New Year's Eve,New Year's Eve is the last day of the year in the Gregorian calendar. Many parties to welcome the New Year are held in in the United States on New Year's Eve.,"2019-12-31",Local holiday
